Date,Weekly U.S. Gulf Coast Kerosene-Type Jet Fuel Spot Price FOB  (Dollars per Gallon)
04/06/1990,0.548
04/13/1990,0.54
04/20/1990,0.543
04/27/1990,0.53
05/04/1990,0.522
05/11/1990,0.519
05/18/1990,0.52
05/25/1990,0.508
06/01/1990,0.504
06/08/1990,0.487
06/15/1990,0.497
06/22/1990,0.492
06/29/1990,0.499
07/06/1990,0.493
07/13/1990,0.514
07/20/1990,0.554
07/27/1990,0.558
08/03/1990,0.599
08/10/1990,0.723
08/17/1990,0.775
08/24/1990,0.951
08/31/1990,0.821
09/07/1990,0.904
09/14/1990,0.916
09/21/1990,0.985
09/28/1990,1.221
10/05/1990,1.242
10/12/1990,1.377
10/19/1990,1.226
10/26/1990,1.002
11/02/1990,1.064
11/09/1990,1.024
11/16/1990,0.95
11/23/1990,0.907
11/30/1990,0.955
12/07/1990,0.853
12/14/1990,0.764
12/21/1990,0.774
12/28/1990,0.818
01/04/1991,0.757
01/11/1991,0.785
01/18/1991,0.799
01/25/1991,0.698
02/01/1991,0.67
02/08/1991,0.677
02/15/1991,0.68
02/22/1991,0.611
03/01/1991,0.559
03/08/1991,0.561
03/15/1991,0.557
03/22/1991,0.566
03/29/1991,0.552
04/05/1991,0.538
04/12/1991,0.555
04/19/1991,0.556
04/26/1991,0.561
05/03/1991,0.549
05/10/1991,0.566
05/17/1991,0.57
05/24/1991,0.575
05/31/1991,0.576
06/07/1991,0.557
06/14/1991,0.541
06/21/1991,0.544
06/28/1991,0.548
07/05/1991,0.567
07/12/1991,0.584
07/19/1991,0.593
07/26/1991,0.588
08/02/1991,0.601
08/09/1991,0.597
08/16/1991,0.612
08/23/1991,0.646
08/30/1991,0.645
09/06/1991,0.646
09/13/1991,0.625
09/20/1991,0.627
09/27/1991,0.642
10/04/1991,0.643
10/11/1991,0.659
10/18/1991,0.679
10/25/1991,0.684
11/01/1991,0.688
11/08/1991,0.697
11/15/1991,0.65
11/22/1991,0.62
11/29/1991,0.605
12/06/1991,0.576
12/13/1991,0.524
12/20/1991,0.516
12/27/1991,0.482
01/03/1992,0.48
01/10/1992,0.472
01/17/1992,0.517
01/24/1992,0.525
01/31/1992,0.534
02/07/1992,0.559
02/14/1992,0.564
02/21/1992,0.534
02/28/1992,0.517
03/06/1992,0.512
03/13/1992,0.511
03/20/1992,0.525
03/27/1992,0.511
04/03/1992,0.521
04/10/1992,0.542
04/17/1992,0.54
04/24/1992,0.547
05/01/1992,0.556
05/08/1992,0.58
05/15/1992,0.579
05/22/1992,0.563
05/29/1992,0.601
06/05/1992,0.611
06/12/1992,0.611
06/19/1992,0.61
06/26/1992,0.628
07/03/1992,0.613
07/10/1992,0.597
07/17/1992,0.607
07/24/1992,0.621
07/31/1992,0.621
08/07/1992,0.591
08/14/1992,0.583
08/21/1992,0.588
08/28/1992,0.593
09/04/1992,0.61
09/11/1992,0.616
09/18/1992,0.627
09/25/1992,0.631
10/02/1992,0.632
10/09/1992,0.633
10/16/1992,0.636
10/23/1992,0.617
10/30/1992,0.595
11/06/1992,0.569
11/13/1992,0.563
11/20/1992,0.561
11/27/1992,0.553
12/04/1992,0.536
12/11/1992,0.53
12/18/1992,0.533
12/25/1992,0.567
01/01/1993,0.567
01/08/1993,0.54
01/15/1993,0.525
01/22/1993,0.519
01/29/1993,0.554
02/05/1993,0.56
02/12/1993,0.555
02/19/1993,0.532
02/26/1993,0.562
03/05/1993,0.572
03/12/1993,0.562
03/19/1993,0.559
03/26/1993,0.554
04/02/1993,0.544
04/09/1993,0.549
04/16/1993,0.554
04/23/1993,0.548
04/30/1993,0.553
05/07/1993,0.561
05/14/1993,0.554
05/21/1993,0.55
05/28/1993,0.549
06/04/1993,0.546
06/11/1993,0.529
06/18/1993,0.518
06/25/1993,0.518
07/02/1993,0.516
07/09/1993,0.499
07/16/1993,0.488
07/23/1993,0.488
07/30/1993,0.498
08/06/1993,0.486
08/13/1993,0.493
08/20/1993,0.503
08/27/1993,0.515
09/03/1993,0.521
09/10/1993,0.509
09/17/1993,0.517
09/24/1993,0.553
10/01/1993,0.571
10/08/1993,0.57
10/15/1993,0.575
10/22/1993,0.564
10/29/1993,0.559
11/05/1993,0.546
11/12/1993,0.529
11/19/1993,0.539
11/26/1993,0.534
12/03/1993,0.481
12/10/1993,0.433
12/17/1993,0.435
12/24/1993,0.45
12/31/1993,0.452
01/07/1994,0.489
01/14/1994,0.525
01/21/1994,0.537
01/28/1994,0.558
02/04/1994,0.579
02/11/1994,0.526
02/18/1994,0.455
02/25/1994,0.458
03/04/1994,0.457
03/11/1994,0.439
03/18/1994,0.456
03/25/1994,0.463
04/01/1994,0.437
04/08/1994,0.462
04/15/1994,0.469
04/22/1994,0.473
04/29/1994,0.472
05/06/1994,0.464
05/13/1994,0.475
05/20/1994,0.472
05/27/1994,0.475
06/03/1994,0.483
06/10/1994,0.463
06/17/1994,0.502
06/24/1994,0.511
07/01/1994,0.505
07/08/1994,0.497
07/15/1994,0.508
07/22/1994,0.506
07/29/1994,0.521
08/05/1994,0.528
08/12/1994,0.497
08/19/1994,0.487
08/26/1994,0.481
09/02/1994,0.498
09/09/1994,0.502
09/16/1994,0.475
09/23/1994,0.487
09/30/1994,0.495
10/07/1994,0.506
10/14/1994,0.489
10/21/1994,0.514
10/28/1994,0.527
11/04/1994,0.525
11/11/1994,0.519
11/18/1994,0.5
11/25/1994,0.509
12/02/1994,0.502
12/09/1994,0.487
12/16/1994,0.491
12/23/1994,0.474
12/30/1994,0.497
01/06/1995,0.492
01/13/1995,0.462
01/20/1995,0.474
01/27/1995,0.464
02/03/1995,0.477
02/10/1995,0.475
02/17/1995,0.457
02/24/1995,0.462
03/03/1995,0.453
03/10/1995,0.436
03/17/1995,0.438
03/24/1995,0.454
03/31/1995,0.469
04/07/1995,0.485
04/14/1995,0.501
04/21/1995,0.507
04/28/1995,0.509
05/05/1995,0.513
05/12/1995,0.505
05/19/1995,0.514
05/26/1995,0.518
06/02/1995,0.498
06/09/1995,0.487
06/16/1995,0.482
06/23/1995,0.463
06/30/1995,0.472
07/07/1995,0.463
07/14/1995,0.465
07/21/1995,0.462
07/28/1995,0.475
08/04/1995,0.485
08/11/1995,0.492
08/18/1995,0.491
08/25/1995,0.506
09/01/1995,0.506
09/08/1995,0.524
09/15/1995,0.521
09/22/1995,0.506
09/29/1995,0.502
10/06/1995,0.496
10/13/1995,0.497
10/20/1995,0.496
10/27/1995,0.511
11/03/1995,0.526
11/10/1995,0.519
11/17/1995,0.521
11/24/1995,0.527
12/01/1995,0.526
12/08/1995,0.544
12/15/1995,0.555
12/22/1995,0.549
12/29/1995,0.577
01/05/1996,0.586
01/12/1996,0.593
01/19/1996,0.534
01/26/1996,0.517
02/02/1996,0.517
02/09/1996,0.522
02/16/1996,0.557
02/23/1996,0.557
03/01/1996,0.599
03/08/1996,0.535
03/15/1996,0.565
03/22/1996,0.634
03/29/1996,0.619
04/05/1996,0.628
04/12/1996,0.674
04/19/1996,0.593
04/26/1996,0.585
05/03/1996,0.576
05/10/1996,0.59
05/17/1996,0.56
05/24/1996,0.538
05/31/1996,0.526
06/07/1996,0.517
06/14/1996,0.509
06/21/1996,0.516
06/28/1996,0.523
07/05/1996,0.546
07/12/1996,0.557
07/19/1996,0.565
07/26/1996,0.553
08/02/1996,0.567
08/09/1996,0.586
08/16/1996,0.618
08/23/1996,0.637
08/30/1996,0.633
09/06/1996,0.669
09/13/1996,0.688
09/20/1996,0.673
09/27/1996,0.695
10/04/1996,0.708
10/11/1996,0.721
10/18/1996,0.713
10/25/1996,0.697
11/01/1996,0.665
11/08/1996,0.662
11/15/1996,0.704
11/22/1996,0.717
11/29/1996,0.711
12/06/1996,0.735
12/13/1996,0.681
12/20/1996,0.702
12/27/1996,0.656
01/03/1997,0.687
01/10/1997,0.702
01/17/1997,0.669
01/24/1997,0.646
01/31/1997,0.693
02/07/1997,0.648
02/14/1997,0.642
02/21/1997,0.604
02/28/1997,0.58
03/07/1997,0.545
03/14/1997,0.56
03/21/1997,0.565
03/28/1997,0.561
04/04/1997,0.544
04/11/1997,0.549
04/18/1997,0.543
04/25/1997,0.532
05/02/1997,0.531
05/09/1997,0.529
05/16/1997,0.559
05/23/1997,0.566
05/30/1997,0.552
06/06/1997,0.533
06/13/1997,0.511
06/20/1997,0.518
06/27/1997,0.526
07/04/1997,0.542
07/11/1997,0.525
07/18/1997,0.526
07/25/1997,0.535
08/01/1997,0.56
08/08/1997,0.573
08/15/1997,0.56
08/22/1997,0.556
08/29/1997,0.546
09/05/1997,0.535
09/12/1997,0.522
09/19/1997,0.535
09/26/1997,0.558
10/03/1997,0.582
10/10/1997,0.582
10/17/1997,0.56
10/24/1997,0.567
10/31/1997,0.565
11/07/1997,0.557
11/14/1997,0.564
11/21/1997,0.545
11/28/1997,0.519
12/05/1997,0.493
12/12/1997,0.494
12/19/1997,0.506
12/26/1997,0.491
01/02/1998,0.496
01/09/1998,0.475
01/16/1998,0.471
01/23/1998,0.462
01/30/1998,0.492
02/06/1998,0.468
02/13/1998,0.451
02/20/1998,0.445
02/27/1998,0.431
03/06/1998,0.423
03/13/1998,0.395
03/20/1998,0.39
03/27/1998,0.439
04/03/1998,0.42
04/10/1998,0.414
04/17/1998,0.431
04/24/1998,0.426
05/01/1998,0.437
05/08/1998,0.432
05/15/1998,0.421
05/22/1998,0.403
05/29/1998,0.396
06/05/1998,0.397
06/12/1998,0.384
06/19/1998,0.377
06/26/1998,0.399
07/03/1998,0.395
07/10/1998,0.389
07/17/1998,0.401
07/24/1998,0.377
07/31/1998,0.373
08/07/1998,0.381
08/14/1998,0.375
08/21/1998,0.367
08/28/1998,0.366
09/04/1998,0.392
09/11/1998,0.408
09/18/1998,0.424
09/25/1998,0.434
10/02/1998,0.434
10/09/1998,0.436
10/16/1998,0.418
10/23/1998,0.411
10/30/1998,0.413
11/06/1998,0.41
11/13/1998,0.387
11/20/1998,0.353
11/27/1998,0.326
12/04/1998,0.304
12/11/1998,0.301
12/18/1998,0.309
12/25/1998,0.294
01/01/1999,0.315
01/08/1999,0.352
01/15/1999,0.336
01/22/1999,0.322
01/29/1999,0.325
02/05/1999,0.321
02/12/1999,0.3
02/19/1999,0.295
02/26/1999,0.316
03/05/1999,0.327
03/12/1999,0.364
03/19/1999,0.382
03/26/1999,0.403
04/02/1999,0.435
04/09/1999,0.429
04/16/1999,0.426
04/23/1999,0.431
04/30/1999,0.432
05/07/1999,0.439
05/14/1999,0.423
05/21/1999,0.403
05/28/1999,0.397
06/04/1999,0.4
06/11/1999,0.435
06/18/1999,0.449
06/25/1999,0.448
07/02/1999,0.48
07/09/1999,0.507
07/16/1999,0.516
07/23/1999,0.507
07/30/1999,0.527
08/06/1999,0.538
08/13/1999,0.561
08/20/1999,0.575
08/27/1999,0.573
09/03/1999,0.584
09/10/1999,0.612
09/17/1999,0.619
09/24/1999,0.617
10/01/1999,0.628
10/08/1999,0.581
10/15/1999,0.589
10/22/1999,0.602
10/29/1999,0.603
11/05/1999,0.611
11/12/1999,0.648
11/19/1999,0.686
11/26/1999,0.711
12/03/1999,0.682
12/10/1999,0.682
12/17/1999,0.695
12/24/1999,0.723
12/31/1999,0.725
01/07/2000,0.731
01/14/2000,0.74
01/21/2000,0.868
01/28/2000,0.794
02/04/2000,0.806
02/11/2000,0.759
02/18/2000,0.768
02/25/2000,0.773
03/03/2000,0.827
03/10/2000,0.836
03/17/2000,0.755
03/24/2000,0.696
03/31/2000,0.754
04/07/2000,0.7
04/14/2000,0.692
04/21/2000,0.761
04/28/2000,0.732
05/05/2000,0.711
05/12/2000,0.751
05/19/2000,0.8
05/26/2000,0.783
06/02/2000,0.765
06/09/2000,0.755
06/16/2000,0.781
06/23/2000,0.786
06/30/2000,0.826
07/07/2000,0.794
07/14/2000,0.803
07/21/2000,0.81
07/28/2000,0.782
08/04/2000,0.808
08/11/2000,0.846
08/18/2000,0.886
08/25/2000,0.952
09/01/2000,1.003
09/08/2000,1.031
09/15/2000,1.066
09/22/2000,1.027
09/29/2000,0.949
10/06/2000,0.964
10/13/2000,1.03
10/20/2000,0.968
10/27/2000,0.981
11/03/2000,0.945
11/10/2000,0.996
11/17/2000,1.07
11/24/2000,1.093
12/01/2000,1.007
12/08/2000,0.972
12/15/2000,0.886
12/22/2000,0.773
12/29/2000,0.784
01/05/2001,0.843
01/12/2001,0.836
01/19/2001,0.892
01/26/2001,0.905
02/02/2001,0.867
02/09/2001,0.872
02/16/2001,0.792
02/23/2001,0.772
03/02/2001,0.782
03/09/2001,0.784
03/16/2001,0.738
03/23/2001,0.727
03/30/2001,0.735
04/06/2001,0.724
04/13/2001,0.786
04/20/2001,0.796
04/27/2001,0.772
05/04/2001,0.818
05/11/2001,0.834
05/18/2001,0.804
05/25/2001,0.834
06/01/2001,0.79
06/08/2001,0.77
06/15/2001,0.813
06/22/2001,0.758
06/29/2001,0.726
07/06/2001,0.735
07/13/2001,0.714
07/20/2001,0.681
07/27/2001,0.714
08/03/2001,0.737
08/10/2001,0.757
08/17/2001,0.763
08/24/2001,0.76
08/31/2001,0.789
09/07/2001,0.802
09/14/2001,0.817
09/21/2001,0.704
09/28/2001,0.641
10/05/2001,0.636
10/12/2001,0.644
10/19/2001,0.605
10/26/2001,0.609
11/02/2001,0.595
11/09/2001,0.577
11/16/2001,0.544
11/23/2001,0.515
11/30/2001,0.512
12/07/2001,0.502
12/14/2001,0.475
12/21/2001,0.532
12/28/2001,0.567
01/04/2002,0.554
01/11/2002,0.541
01/18/2002,0.51
01/25/2002,0.531
02/01/2002,0.536
02/08/2002,0.538
02/15/2002,0.559
02/22/2002,0.548
03/01/2002,0.565
03/08/2002,0.601
03/15/2002,0.632
03/22/2002,0.648
03/29/2002,0.654
04/05/2002,0.694
04/12/2002,0.655
04/19/2002,0.646
04/26/2002,0.67
05/03/2002,0.676
05/10/2002,0.661
05/17/2002,0.688
05/24/2002,0.672
05/31/2002,0.639
06/07/2002,0.628
06/14/2002,0.643
06/21/2002,0.661
06/28/2002,0.678
07/05/2002,0.692
07/12/2002,0.686
07/19/2002,0.707
07/26/2002,0.678
08/02/2002,0.687
08/09/2002,0.677
08/16/2002,0.719
08/23/2002,0.75
08/30/2002,0.762
09/06/2002,0.761
09/13/2002,0.795
09/20/2002,0.807
09/27/2002,0.823
10/04/2002,0.831
10/11/2002,0.814
10/18/2002,0.817
10/25/2002,0.757
11/01/2002,0.728
11/08/2002,0.705
11/15/2002,0.675
11/22/2002,0.726
11/29/2002,0.726
12/06/2002,0.736
12/13/2002,0.756
12/20/2002,0.833
12/27/2002,0.911
01/03/2003,0.893
01/10/2003,0.849
01/17/2003,0.875
01/24/2003,0.89
01/31/2003,0.926
02/07/2003,1.039
02/14/2003,1.039
02/21/2003,1.051
02/28/2003,1.091
03/07/2003,1.08
03/14/2003,0.995
03/21/2003,0.792
03/28/2003,0.73
04/04/2003,0.736
04/11/2003,0.751
04/18/2003,0.775
04/25/2003,0.757
05/02/2003,0.683
05/09/2003,0.689
05/16/2003,0.732
05/23/2003,0.728
05/30/2003,0.721
06/06/2003,0.747
06/13/2003,0.757
06/20/2003,0.735
06/27/2003,0.746
07/04/2003,0.771
07/11/2003,0.783
07/18/2003,0.792
07/25/2003,0.766
08/01/2003,0.796
08/08/2003,0.837
08/15/2003,0.818
08/22/2003,0.814
08/29/2003,0.817
09/05/2003,0.759
09/12/2003,0.749
09/19/2003,0.717
09/26/2003,0.723
10/03/2003,0.786
10/10/2003,0.832
10/17/2003,0.854
10/24/2003,0.815
10/31/2003,0.79
11/07/2003,0.796
11/14/2003,0.841
11/21/2003,0.861
11/28/2003,0.819
12/05/2003,0.862
12/12/2003,0.864
12/19/2003,0.89
12/26/2003,0.883
01/02/2004,0.894
01/09/2004,0.984
01/16/2004,0.993
01/23/2004,1.049
01/30/2004,0.977
02/06/2004,0.915
02/13/2004,0.915
02/20/2004,0.956
02/27/2004,0.953
03/05/2004,0.973
03/12/2004,0.906
03/19/2004,0.964
03/26/2004,0.952
04/02/2004,0.912
04/09/2004,0.922
04/16/2004,1.001
04/23/2004,0.985
04/30/2004,1.009
05/07/2004,1.079
05/14/2004,1.151
05/21/2004,1.102
05/28/2004,1.035
06/04/2004,1.03
06/11/2004,1.012
06/18/2004,1.027
06/25/2004,1.047
07/02/2004,1.076
07/09/2004,1.132
07/16/2004,1.114
07/23/2004,1.148
07/30/2004,1.191
08/06/2004,1.21
08/13/2004,1.218
08/20/2004,1.266
08/27/2004,1.226
09/03/2004,1.234
09/10/2004,1.26
09/17/2004,1.339
09/24/2004,1.419
10/01/2004,1.502
10/08/2004,1.488
10/15/2004,1.552
10/22/2004,1.563
10/29/2004,1.481
11/05/2004,1.344
11/12/2004,1.331
11/19/2004,1.347
11/26/2004,1.379
12/03/2004,1.254
12/10/2004,1.146
12/17/2004,1.298
12/24/2004,1.288
12/31/2004,1.187
01/07/2005,1.228
01/14/2005,1.334
01/21/2005,1.375
01/28/2005,1.405
02/04/2005,1.287
02/11/2005,1.263
02/18/2005,1.329
02/25/2005,1.456
03/04/2005,1.491
03/11/2005,1.524
03/18/2005,1.589
03/25/2005,1.605
04/01/2005,1.629
04/08/2005,1.632
04/15/2005,1.535
04/22/2005,1.56
04/29/2005,1.531
05/06/2005,1.515
05/13/2005,1.48
05/20/2005,1.42
05/27/2005,1.461
06/03/2005,1.602
06/10/2005,1.642
06/17/2005,1.674
06/24/2005,1.672
07/01/2005,1.651
07/08/2005,1.742
07/15/2005,1.668
07/22/2005,1.607
07/29/2005,1.649
08/05/2005,1.698
08/12/2005,1.86
08/19/2005,1.859
08/26/2005,1.894
09/02/2005,2.237
09/09/2005,2.042
09/16/2005,1.92
09/23/2005,2.189
09/30/2005,2.707
10/07/2005,2.943
10/14/2005,2.609
10/21/2005,2.217
10/28/2005,1.924
11/04/2005,1.818
11/11/2005,1.738
11/18/2005,1.659
11/25/2005,1.675
12/02/2005,1.618
12/09/2005,1.735
12/16/2005,1.767
12/23/2005,1.694
12/30/2005,1.74
01/06/2006,1.83
01/13/2006,1.732
01/20/2006,1.842
01/27/2006,1.844
02/03/2006,1.833
02/10/2006,1.735
02/17/2006,1.717
02/24/2006,1.767
03/03/2006,1.851
03/10/2006,1.81
03/17/2006,1.885
03/24/2006,1.854
03/31/2006,1.937
04/07/2006,1.97
04/14/2006,2.049
04/21/2006,2.152
04/28/2006,2.121
05/05/2006,2.093
05/12/2006,2.116
05/19/2006,2.022
05/26/2006,2.045
06/02/2006,2.09
06/09/2006,2.157
06/16/2006,2.092
06/23/2006,2.019
06/30/2006,2.046
07/07/2006,2.124
07/14/2006,2.144
07/21/2006,2.175
07/28/2006,2.159
08/04/2006,2.226
08/11/2006,2.156
08/18/2006,2.085
08/25/2006,2.144
09/01/2006,2.038
09/08/2006,1.951
09/15/2006,1.739
09/22/2006,1.718
09/29/2006,1.821
10/06/2006,1.739
10/13/2006,1.766
10/20/2006,1.753
10/27/2006,1.73
11/03/2006,1.657
11/10/2006,1.718
11/17/2006,1.705
11/24/2006,1.754
12/01/2006,1.848
12/08/2006,1.878
12/15/2006,1.83
12/22/2006,1.768
12/29/2006,1.725
01/05/2007,1.669
01/12/2007,1.599
01/19/2007,1.643
01/26/2007,1.673
02/02/2007,1.721
02/09/2007,1.747
02/16/2007,1.697
02/23/2007,1.735
03/02/2007,1.827
03/09/2007,1.813
03/16/2007,1.796
03/23/2007,1.81
03/30/2007,1.963
04/06/2007,2.013
04/13/2007,2.056
04/20/2007,2.017
04/27/2007,2.052
05/04/2007,2.024
05/11/2007,2.013
05/18/2007,2.055
05/25/2007,2.092
06/01/2007,2.045
06/08/2007,2.085
06/15/2007,2.086
06/22/2007,2.143
06/29/2007,2.087
07/06/2007,2.138
07/13/2007,2.154
07/20/2007,2.122
07/27/2007,2.119
08/03/2007,2.151
08/10/2007,2.045
08/17/2007,2.094
08/24/2007,2.078
08/31/2007,2.122
09/07/2007,2.181
09/14/2007,2.259
09/21/2007,2.316
09/28/2007,2.288
10/05/2007,2.287
10/12/2007,2.276
10/19/2007,2.395
10/26/2007,2.427
11/02/2007,2.575
11/09/2007,2.692
11/16/2007,2.634
11/23/2007,2.74
11/30/2007,2.664
12/07/2007,2.56
12/14/2007,2.601
12/21/2007,2.589
12/28/2007,2.649
01/04/2008,2.721
01/11/2008,2.617
01/18/2008,2.593
01/25/2008,2.532
02/01/2008,2.562
02/08/2008,2.531
02/15/2008,2.72
02/22/2008,2.843
02/29/2008,2.888
03/07/2008,3.026
03/14/2008,3.217
03/21/2008,3.222
03/28/2008,3.065
04/04/2008,3.081
04/11/2008,3.352
04/18/2008,3.465
04/25/2008,3.492
05/02/2008,3.347
05/09/2008,3.581
05/16/2008,3.751
05/23/2008,3.969
05/30/2008,3.845
06/06/2008,3.782
06/13/2008,3.946
06/20/2008,3.849
06/27/2008,3.908
07/04/2008,4.109
07/11/2008,4.05
07/18/2008,3.952
07/25/2008,3.722
08/01/2008,3.599
08/08/2008,3.331
08/15/2008,3.148
08/22/2008,3.233
08/29/2008,3.319
09/05/2008,3.224
09/12/2008,3.714
09/19/2008,3.469
09/26/2008,3.237
10/03/2008,2.865
10/10/2008,2.515
10/17/2008,2.291
10/24/2008,2.137
10/31/2008,2.017
11/07/2008,2.048
11/14/2008,1.929
11/21/2008,1.757
11/28/2008,1.76
12/05/2008,1.536
12/12/2008,1.33
12/19/2008,1.348
12/26/2008,1.313
01/02/2009,1.361
01/09/2009,1.58
01/16/2009,1.499
01/23/2009,1.379
01/30/2009,1.393
02/06/2009,1.329
02/13/2009,1.291
02/20/2009,1.17
02/27/2009,1.229
03/06/2009,1.161
03/13/2009,1.168
03/20/2009,1.261
03/27/2009,1.452
04/03/2009,1.38
04/10/2009,1.413
04/17/2009,1.411
04/24/2009,1.327
05/01/2009,1.314
05/08/2009,1.432
05/15/2009,1.464
05/22/2009,1.511
05/29/2009,1.586
06/05/2009,1.756
06/12/2009,1.821
06/19/2009,1.844
06/26/2009,1.796
07/03/2009,1.778
07/10/2009,1.612
07/17/2009,1.629
07/24/2009,1.793
07/31/2009,1.799
08/07/2009,1.916
08/14/2009,1.895
08/21/2009,1.88
08/28/2009,1.868
09/04/2009,1.733
09/11/2009,1.744
09/18/2009,1.785
09/25/2009,1.749
10/02/2009,1.754
10/09/2009,1.812
10/16/2009,1.95
10/23/2009,2.054
10/30/2009,2.015
11/06/2009,2.002
11/13/2009,1.972
11/20/2009,1.999
11/27/2009,1.963
12/04/2009,2.006
12/11/2009,1.933
12/18/2009,1.943
12/25/2009,1.96
01/01/2010,2.074
01/08/2010,2.17
01/15/2010,2.096
01/22/2010,1.994
01/29/2010,1.938
02/05/2010,1.956
02/12/2010,1.929
02/19/2010,2.031
02/26/2010,2.05
03/05/2010,2.091
03/12/2010,2.112
03/19/2010,2.104
03/26/2010,2.094
04/02/2010,2.182
04/09/2010,2.263
04/16/2010,2.237
04/23/2010,2.206
04/30/2010,2.265
05/07/2010,2.198
05/14/2010,2.126
05/21/2010,1.955
05/28/2010,1.973
06/04/2010,2.016
06/11/2010,2.015
06/18/2010,2.106
06/25/2010,2.096
07/02/2010,1.988
07/09/2010,1.993
07/16/2010,2.034
07/23/2010,2.045
07/30/2010,2.044
08/06/2010,2.178
08/13/2010,2.091
08/20/2010,2.051
08/27/2010,2.033
09/03/2010,2.05
09/10/2010,2.088
09/17/2010,2.115
09/24/2010,2.115
10/01/2010,2.194
10/08/2010,2.262
10/15/2010,2.25
10/22/2010,2.23
10/29/2010,2.246
11/05/2010,2.312
11/12/2010,2.392
11/19/2010,2.286
11/26/2010,2.294
12/03/2010,2.382
12/10/2010,2.423
12/17/2010,2.445
12/24/2010,2.477
12/31/2010,2.493
01/07/2011,2.51
01/14/2011,2.621
01/21/2011,2.659
01/28/2011,2.669
02/04/2011,2.773
02/11/2011,2.782
02/18/2011,2.816
02/25/2011,2.957
03/04/2011,3.126
03/11/2011,3.1
03/18/2011,3.097
03/25/2011,3.145
04/01/2011,3.146
04/08/2011,3.268
04/15/2011,3.249
04/22/2011,3.243
04/29/2011,3.315
05/06/2011,3.175
05/13/2011,3.091
05/20/2011,3.02
05/27/2011,3.043
06/03/2011,3.122
06/10/2011,3.148
06/17/2011,3.115
06/24/2011,2.93
07/01/2011,2.935
07/08/2011,3.079
07/15/2011,3.137
07/22/2011,3.164
07/29/2011,3.163
08/05/2011,3.063
08/12/2011,2.905
08/19/2011,2.992
08/26/2011,3.023
09/02/2011,3.082
09/09/2011,3.018
09/16/2011,2.964
09/23/2011,2.897
09/30/2011,2.881
10/07/2011,2.857
10/14/2011,2.949
10/21/2011,3.003
10/28/2011,3.041
11/04/2011,3.027
11/11/2011,3.127
11/18/2011,3.094
11/25/2011,2.954
12/02/2011,2.974
12/09/2011,2.914
12/16/2011,2.791
12/23/2011,2.847
12/30/2011,2.908
01/06/2012,3.075
01/13/2012,3.126
01/20/2012,3.073
01/27/2012,3.074
02/03/2012,3.089
02/10/2012,3.202
02/17/2012,3.184
02/24/2012,3.292
03/02/2012,3.245
03/09/2012,3.249
03/16/2012,3.285
03/23/2012,3.242
03/30/2012,3.255
04/06/2012,3.269
04/13/2012,3.206
04/20/2012,3.209
04/27/2012,3.221
05/04/2012,3.188
05/11/2012,3.041
05/18/2012,2.945
05/25/2012,2.883
06/01/2012,2.772
06/08/2012,2.703
06/15/2012,2.68
06/22/2012,2.657
06/29/2012,2.672
07/06/2012,2.798
07/13/2012,2.852
07/20/2012,2.959
07/27/2012,2.926
08/03/2012,2.955
08/10/2012,3.112
08/17/2012,3.167
08/24/2012,3.2
08/31/2012,3.258
09/07/2012,3.227
09/14/2012,3.263
09/21/2012,3.137
09/28/2012,3.144
10/05/2012,3.144
10/12/2012,3.207
10/19/2012,3.153
10/26/2012,3.015
11/02/2012,2.951
11/09/2012,2.914
11/16/2012,2.923
11/23/2012,3.039
11/30/2012,3.003
12/07/2012,2.928
12/14/2012,2.883
12/21/2012,2.939
12/28/2012,3.015
01/04/2013,2.99
01/11/2013,3.065
01/18/2013,3.089
01/25/2013,3.126
02/01/2013,3.179
02/08/2013,3.247
02/15/2013,3.284
02/22/2013,3.206
03/01/2013,3.087
03/08/2013,3.012
03/15/2013,2.992
03/22/2013,2.918
03/29/2013,2.938
04/05/2013,2.962
04/12/2013,2.878
04/19/2013,2.693
04/26/2013,2.731
05/03/2013,2.686
05/10/2013,2.748
05/17/2013,2.735
05/24/2013,2.74
05/31/2013,2.712
06/07/2013,2.755
06/14/2013,2.787
06/21/2013,2.795
06/28/2013,2.737
07/05/2013,2.812
07/12/2013,2.885
07/19/2013,2.943
07/26/2013,2.904
08/02/2013,2.944
08/09/2013,2.917
08/16/2013,2.993
08/23/2013,3.018
08/30/2013,3.096
09/06/2013,3.036
09/13/2013,2.981
09/20/2013,2.91
09/27/2013,2.849
10/04/2013,2.857
10/11/2013,2.915
10/18/2013,2.902
10/25/2013,2.852
11/01/2013,2.875
11/08/2013,2.753
11/15/2013,2.792
11/22/2013,2.859
11/29/2013,2.942
12/06/2013,2.952
12/13/2013,2.909
12/20/2013,2.928
12/27/2013,3.025
01/03/2014,2.96
01/10/2014,2.908
01/17/2014,2.912
01/24/2014,2.941
01/31/2014,2.93
02/07/2014,2.881
02/14/2014,2.976
02/21/2014,3.047
02/28/2014,2.972
03/07/2014,2.992
03/14/2014,2.895
03/21/2014,2.832
03/28/2014,2.848
04/04/2014,2.833
04/11/2014,2.863
04/18/2014,2.931
04/25/2014,2.935
05/02/2014,2.869
05/09/2014,2.843
05/16/2014,2.889
05/23/2014,2.886
05/30/2014,2.853
06/06/2014,2.799
06/13/2014,2.849
06/20/2014,2.946
06/27/2014,2.94
07/04/2014,2.845
07/11/2014,2.793
07/18/2014,2.794
07/25/2014,2.829
08/01/2014,2.842
08/08/2014,2.838
08/15/2014,2.84
08/22/2014,2.815
08/29/2014,2.866
09/05/2014,2.841
09/12/2014,2.76
09/19/2014,2.705
09/26/2014,2.664
10/03/2014,2.626
10/10/2014,2.519
10/17/2014,2.428
10/24/2014,2.402
10/31/2014,2.404
11/07/2014,2.395
11/14/2014,2.314
11/21/2014,2.266
11/28/2014,2.191
12/05/2014,2.03
12/12/2014,1.872
12/19/2014,1.761
12/26/2014,1.634
01/02/2015,1.582
01/09/2015,1.532
01/16/2015,1.452
01/23/2015,1.485
01/30/2015,1.499
02/06/2015,1.679
02/13/2015,1.765
02/20/2015,1.805
02/27/2015,1.779
03/06/2015,1.751
03/13/2015,1.644
03/20/2015,1.569
03/27/2015,1.569
04/03/2015,1.575
04/10/2015,1.613
04/17/2015,1.723
04/24/2015,1.751
05/01/2015,1.806
05/08/2015,1.88
05/15/2015,1.882
05/22/2015,1.836
05/29/2015,1.783
06/05/2015,1.765
06/12/2015,1.746
06/19/2015,1.732
06/26/2015,1.698
07/03/2015,1.696
07/10/2015,1.575
07/17/2015,1.537
07/24/2015,1.523
07/31/2015,1.473
08/07/2015,1.419
08/14/2015,1.439
08/21/2015,1.366
08/28/2015,1.309
09/04/2015,1.45
09/11/2015,1.41
09/18/2015,1.356
09/25/2015,1.384
10/02/2015,1.398
10/09/2015,1.46
10/16/2015,1.354
10/23/2015,1.36
10/30/2015,1.384
11/06/2015,1.426
11/13/2015,1.342
11/20/2015,1.271
11/27/2015,1.283
12/04/2015,1.226
12/11/2015,1.141
12/18/2015,1.007
12/25/2015,1.029
01/01/2016,1.027
01/08/2016,0.999
01/15/2016,0.899
01/22/2016,0.854
01/29/2016,0.949
02/05/2016,1.004
02/12/2016,0.967
02/19/2016,0.985
02/26/2016,0.933
03/04/2016,1.007
03/11/2016,1.091
03/18/2016,1.093
03/25/2016,1.093
04/01/2016,1.032
04/08/2016,1.019
04/15/2016,1.147
04/22/2016,1.17
04/29/2016,1.281
05/06/2016,1.204
05/13/2016,1.237
05/20/2016,1.356
05/27/2016,1.372
06/03/2016,1.369
06/10/2016,1.412
06/17/2016,1.355
06/24/2016,1.387
07/01/2016,1.389
07/08/2016,1.35
07/15/2016,1.293
07/22/2016,1.249
07/29/2016,1.167
08/05/2016,1.158
08/12/2016,1.226
08/19/2016,1.359
08/26/2016,1.393
09/02/2016,1.333
09/09/2016,1.319
09/16/2016,1.307
09/23/2016,1.305
09/30/2016,1.361
10/07/2016,1.463
10/14/2016,1.466
10/21/2016,1.46
10/28/2016,1.45
11/04/2016,1.368
11/11/2016,1.319
11/18/2016,1.315
11/25/2016,1.404
12/02/2016,1.433
12/09/2016,1.444
12/16/2016,1.487
12/23/2016,1.496
12/30/2016,1.539
01/06/2017,1.539
01/13/2017,1.506
01/20/2017,1.505
01/27/2017,1.513
02/03/2017,1.518
02/10/2017,1.529
02/17/2017,1.552
02/24/2017,1.566
03/03/2017,1.527
03/10/2017,1.485
03/17/2017,1.401
03/24/2017,1.409
03/31/2017,1.45
04/07/2017,1.512
04/14/2017,1.568
04/21/2017,1.511
04/28/2017,1.448
05/05/2017,1.364
05/12/2017,1.369
05/19/2017,1.426
05/26/2017,1.478
06/02/2017,1.404
06/09/2017,1.302
06/16/2017,1.29
06/23/2017,1.255
06/30/2017,1.307
07/07/2017,1.352
07/14/2017,1.361
07/21/2017,1.425
07/28/2017,1.497
08/04/2017,1.551
08/11/2017,1.536
08/18/2017,1.501
08/25/2017,1.546
09/01/2017,1.759
09/08/2017,1.954
09/15/2017,1.774
09/22/2017,1.724
09/29/2017,1.707
10/06/2017,1.645
10/13/2017,1.64
10/20/2017,1.651
10/27/2017,1.676
11/03/2017,1.706
11/10/2017,1.779
11/17/2017,1.744
11/24/2017,1.775
12/01/2017,1.782
12/08/2017,1.768
12/15/2017,1.801
12/22/2017,1.815
12/29/2017,1.891
01/05/2018,1.923
01/12/2018,1.946
01/19/2018,1.928
01/26/2018,1.995
02/02/2018,1.973
02/09/2018,1.844
02/16/2018,1.781
02/23/2018,1.852
03/02/2018,1.861
03/09/2018,1.81
03/16/2018,1.799
03/23/2018,1.889
03/30/2018,1.949
04/06/2018,1.919
04/13/2018,2.017
04/20/2018,2.035
04/27/2018,2.073
05/04/2018,2.076
05/11/2018,2.148
05/18/2018,2.202
05/25/2018,2.192
06/01/2018,2.138
06/08/2018,2.105
06/15/2018,2.097
06/22/2018,2.049
06/29/2018,2.1
07/06/2018,2.112
07/13/2018,2.118
07/20/2018,2.042
07/27/2018,2.11
08/03/2018,2.104
08/10/2018,2.096
08/17/2018,2.076
08/24/2018,2.119
08/31/2018,2.195
09/07/2018,2.183
09/14/2018,2.185
09/21/2018,2.154
09/28/2018,2.235
10/05/2018,2.32
10/12/2018,2.289
10/19/2018,2.234
10/26/2018,2.196
11/02/2018,2.144
11/09/2018,2.098
11/16/2018,1.974
11/23/2018,1.889
11/30/2018,1.755
12/07/2018,1.785
12/14/2018,1.751
12/21/2018,1.666
12/28/2018,1.608
01/04/2019,1.621
01/11/2019,1.793
01/18/2019,1.812
01/25/2019,1.822
02/01/2019,1.842
02/08/2019,1.861
02/15/2019,1.896
02/22/2019,1.978
03/01/2019,1.934
03/08/2019,1.906
03/15/2019,1.893
03/22/2019,1.9
03/29/2019,1.903
04/05/2019,1.936
04/12/2019,1.981
04/19/2019,1.982
04/26/2019,2.01
05/03/2019,1.984
05/10/2019,1.982
05/17/2019,2.022
05/24/2019,1.978
05/31/2019,1.896
06/07/2019,1.772
06/14/2019,1.778
06/21/2019,1.82
06/28/2019,1.897
07/05/2019,1.883
07/12/2019,1.949
07/19/2019,1.903
07/26/2019,1.904
08/02/2019,1.905
08/09/2019,1.774
08/16/2019,1.788
08/23/2019,1.811
08/30/2019,1.806
09/06/2019,1.815
09/13/2019,1.833
09/20/2019,1.941
09/27/2019,1.911
10/04/2019,1.839
10/11/2019,1.86
10/18/2019,1.861
10/25/2019,1.896
11/01/2019,1.847
11/08/2019,1.835
11/15/2019,1.815
11/22/2019,1.788
11/29/2019,1.853
12/06/2019,1.821
12/13/2019,1.843
12/20/2019,1.918
12/27/2019,1.965
01/03/2020,1.953
01/10/2020,1.902
01/17/2020,1.796
01/24/2020,1.704
01/31/2020,1.589
02/07/2020,1.499
02/14/2020,1.544
02/21/2020,1.577
02/28/2020,1.431
03/06/2020,1.392
03/13/2020,1.026
03/20/2020,0.778
03/27/2020,0.714
04/03/2020,0.717
04/10/2020,0.729
04/17/2020,0.663
04/24/2020,0.502
05/01/2020,0.461
05/08/2020,0.536
05/15/2020,0.65
05/22/2020,0.811
05/29/2020,0.814
06/05/2020,0.901
06/12/2020,0.955
06/19/2020,1.042
06/26/2020,1.022
07/03/2020,1.023
07/10/2020,1.073
07/17/2020,1.074
07/24/2020,1.106
07/31/2020,1.104
08/07/2020,1.111
08/14/2020,1.11
08/21/2020,1.102
08/28/2020,1.128
09/04/2020,1.074
09/11/2020,0.984
09/18/2020,1.011
09/25/2020,0.973
10/02/2020,0.995
10/09/2020,1.067
10/16/2020,1.076
10/23/2020,1.06
10/30/2020,1.012
11/06/2020,1.05
11/13/2020,1.13
11/20/2020,1.136
11/27/2020,1.233
12/04/2020,1.26
12/11/2020,1.296
12/18/2020,1.359
12/25/2020,1.349
01/01/2021,1.348
01/08/2021,1.373
01/15/2021,1.449
01/22/2021,1.438
01/29/2021,1.426
02/05/2021,1.498
02/12/2021,1.568
02/19/2021,1.633
02/26/2021,1.711
03/05/2021,1.685
03/12/2021,1.731
03/19/2021,1.673
03/26/2021,1.599
04/02/2021,1.598
04/09/2021,1.639
04/16/2021,1.672
04/23/2021,1.672
04/30/2021,1.704
05/07/2021,1.748
05/14/2021,1.768
05/21/2021,1.732
05/28/2021,1.762
06/04/2021,1.817
06/11/2021,1.833
06/18/2021,1.845
06/25/2021,1.911
07/02/2021,1.895
07/09/2021,1.872
07/16/2021,1.902
07/23/2021,1.842
07/30/2021,1.918
08/06/2021,1.832
08/13/2021,1.819
08/20/2021,1.735
08/27/2021,1.842
09/03/2021,1.927
09/10/2021,1.91
09/17/2021,1.996
09/24/2021,2.022
10/01/2021,2.143
10/08/2021,2.26
10/15/2021,2.329
10/22/2021,2.321
10/29/2021,2.3
11/05/2021,2.257
11/12/2021,2.262
11/19/2021,2.18
11/26/2021,2.172
12/03/2021,1.918
12/10/2021,2.096
12/17/2021,2.093
12/24/2021,2.107
12/31/2021,2.196
01/07/2022,2.27
01/14/2022,2.431
01/21/2022,2.525
01/28/2022,2.547
02/04/2022,2.617
02/11/2022,2.722
02/18/2022,2.653
02/25/2022,2.678
03/04/2022,3.237
03/11/2022,3.475
03/18/2022,3.102
03/25/2022,3.769
04/01/2022,3.79
04/08/2022,3.561
04/15/2022,3.604
04/22/2022,3.859
04/29/2022,4.626
05/06/2022,4.266
05/13/2022,4.042
05/20/2022,3.602
05/27/2022,3.714
06/03/2022,3.976
06/10/2022,4.141
06/17/2022,4.242
06/24/2022,4.18
07/01/2022,3.915
07/08/2022,3.42
07/15/2022,3.557
07/22/2022,3.405
07/29/2022,3.457
08/05/2022,3.129
08/12/2022,3.152
08/19/2022,3.305
08/26/2022,3.651
09/02/2022,3.449
09/09/2022,3.321
09/16/2022,3.153
09/23/2022,3.162
09/30/2022,3.403
10/07/2022,3.627
10/14/2022,3.677
10/21/2022,3.459
10/28/2022,3.998
11/04/2022,3.613
11/11/2022,3.273
11/18/2022,3.179
11/25/2022,2.958
12/02/2022,2.831
12/09/2022,2.572
12/16/2022,2.915
12/23/2022,2.892
12/30/2022,3.322
01/06/2023,3.117
01/13/2023,3.501
01/20/2023,3.661
01/27/2023,3.83
02/03/2023,3.072
02/10/2023,2.811
02/17/2023,2.702
02/24/2023,2.776
03/03/2023,2.991
03/10/2023,2.814
03/17/2023,2.602
03/24/2023,2.502
03/31/2023,2.621
04/07/2023,2.565
04/14/2023,2.498
04/21/2023,2.288
04/28/2023,2.184
05/05/2023,2.103
05/12/2023,2.214
05/19/2023,2.217
05/26/2023,2.186
06/02/2023,2.146
06/09/2023,2.26
06/16/2023,2.254
06/23/2023,2.29
06/30/2023,2.226
07/07/2023,2.302
07/14/2023,2.399
07/21/2023,2.455
07/28/2023,2.683
08/04/2023,2.891
08/11/2023,2.966
08/18/2023,2.958
08/25/2023,3.078
09/01/2023,3.022
09/08/2023,3.047
09/15/2023,3.182
09/22/2023,3.153
09/29/2023,3.112
10/06/2023,2.823
10/13/2023,2.907
10/20/2023,2.952
10/27/2023,2.856
11/03/2023,2.908
11/10/2023,2.751
11/17/2023,2.759
11/24/2023,2.663
12/01/2023,2.561
12/08/2023,2.33
12/15/2023,2.281
12/22/2023,2.514
12/29/2023,2.426
01/05/2024,2.416
01/12/2024,2.56
01/19/2024,2.579
01/26/2024,2.654
02/02/2024,2.695
02/09/2024,2.748
02/16/2024,2.754
02/23/2024,2.642
03/01/2024,2.592
03/08/2024,2.564
03/15/2024,2.617
03/22/2024,2.637
03/29/2024,2.541
04/05/2024,2.694
04/12/2024,2.675
04/19/2024,2.594
04/26/2024,2.506
05/03/2024,2.43
05/10/2024,2.416
05/17/2024,2.377
05/24/2024,2.375
05/31/2024,2.335
06/07/2024,2.253
06/14/2024,2.391
06/21/2024,2.464
06/28/2024,2.48
07/05/2024,2.57
07/12/2024,2.471
07/19/2024,2.408
07/26/2024,2.358
08/02/2024,2.248
08/09/2024,2.194
08/16/2024,2.225
08/23/2024,2.13
08/30/2024,2.13
09/06/2024,2.014
09/13/2024,1.955
09/20/2024,1.975
09/27/2024,1.993
